,neg,neu,pos
will the 7950xt release at the same time as the 7900 xt i am aiming to go top end for my first build,0.006000000052154064,0.7139999866485596,0.2800000011920929
"7900xt rtx 4080
7950xt rtx 4090
7975xt rtx 4090 ti",0.04600000008940697,0.7820000052452087,0.1720000058412552
7950xt with a 7950x,0.02800000086426735,0.8740000128746033,0.0989999994635582
